np;zagadnienie
2;Istota i aksjologia procesu karnego
6;Pojęcie i warunki rzetelnego procesu karnego
8;Postępowanie karne i jego rodzaje
24;Zasada legalizmu pierwszego i drugiego stopnia
27;Prawo do obrony. Zakres podmiotowy, przedmiotowy i temporalny
28;Zasada jawności i tajności
34;Pojęcie i rodzaje czynności procesowych
45;Obrońca oskarżonego. Rodzaje obrońców i zakres ich działania.
54;Kumulacja ról procesowych i ich rozłączność
57;Przesłanki oddalenia wniosku dowodowego
70;Wykorzystanie informacji uzyskanych poza granicami kontroli i utrwalania treści rozmów telefonicznych
73;Przesłuchanie i okazanie
83;Posiedzenie w przedmiocie tymczasowego aresztowania
92;Rozpoczęcie postępowania przygotowawczego
94;Przedstawienie zarzutów
96;Zakończenie i zamknięcie postępowania przygotowawczego
97;Wniosek prokuratora o skazanie oskarżonego bez rozprawy. Przesłanki i tryb postępowania
103;Posiedzenia wyrokowe
112;Zakres zaskarżenia. Pojęcie, rodzaje i granice. Orzekanie poza granicami zaskarżenia i podniesionych zarzutów
